Thermal burns,,,
Scald burns,,,
Flame burns,,,
Electrical contact burns,,,
Chemical burns,,,
Post Burn Contracture surgeries for Functional Improvement,,,
Laceration - Suturing / Dressing,,,
Cardiopulmonary emergency,,,
Animal bites (Excluding Snake Bite),,,
Dural AVMs / AVFs,,,
"Cerebral & Spinal AVM embolization - Using
Histoacryl (per sitting)",,,
"Coil embolization for aneurysms
(includes cost of first 3 coils + balloon and / or stent if used)",,,
Carotico-cavernous Fistula (CCF) embolization,,,
"Pre-operative tumour embolization
(per session)",,,
Intracranial balloon angioplasty with stenting,,,
Intracranial thrombolysis / clot retrieval,,,
Balloon test occlusion,,,
Parent vessel occlusion - Basic,,,
Vertebroplasty,,,
Right / Left Heart Catheterization,,,
Catheter directed Thrombolysis,,,
Balloon Dilatation,,,
Balloon Pulmonary / Aortic Valvotomy,,,
Balloon Mitral Valvotomy,,,
Balloon Atrial Septostomy,,,
ASD Device Closure,,,
VSD Device Closure,,,
PDA Device Closure,,,
PDA stenting,,,
"PTCA, inclusive of diagnostic angiogram",,,
Electrophysiological Study,,,
"Percutaneous Transluminal Septal Myocardial
Ablation",,,
Temporary Pacemaker implantation,,,
"Single Chamber Permanent Pacemaker
Implantation",,,
"Double Chamber Permanent Pacemaker
Implantation",,,
Peripheral Angioplasty,,,
"Bronchial artery Embolisation
(for Haemoptysis)",,,
Pericardiocentesis,,,
Systemic Thrombolysis (for MI),,,
Acute febrile illness,,,
Severe sepsis,,,
Malaria,,,
Dengue fever,,,
Chikungunya fever,,,
Enteric fever,,,
HIV with complications,,,
Leptospirosis,,,
Acute gastroenteritis with dehydration,,,
Diarrohea,,,
Dysentery,,,
Acute viral hepatitis,,,
Chronic Hepatitis,,,
Liver abscess,,,
Visceral leishmaniasis,,,
Pneumonia,,,
Severe pneumonia,,,
Empyema,,,
Lung abscess,,,
Pericardial / Pleural tuberculosis,,,
Urinary Tract Infection,,,
Viral encephalitis,,,
Septic Arthritis,,,
Skin and soft tissue infections,,,
Recurrent vomiting with dehydration,,,
Pyrexia of unknown origin,,,
Bronchiectasis,,,
Acute bronchitis,,,
Acute excaberation of COPD,,,
Acute excaberation of Interstitial Lung Disease,,,
Endocarditis,,,
Vasculitis,,,
Pancreatitis,,,
Ascites,,,
Acute transverse myelitis,,,
Atrial Fibrillation,,,
Cardiac Tamponade,,,
Congestive heart failure,,,
Asthma,,,
Respiratory failure,,,
Upper GI bleeding,,,
Lower GI hemorrhage,,,
Addison’s disease,,,
Renal colic,,,
AKI / Renal failure,,,
Seizures,,,
Status epilepticus,,,
Cerebrovascular accident,,,
Cerebral sino-venous thrombosis / Stroke,,,
Immune mediated CNS disorders,,,
Hydrocephalus,,,
Myxedema coma,,,
Thyrotoxic crisis,,,
Gout,,,
Pneumothroax,,,
Neuromuscular disorders,,,
Hypoglycemia,,,
Diabetic Foot,,,
Diabetic ketoacidosis,,,
Electrolyte Imbalance,,,
Hyperosmolar Non-Ketotic coma,,,
Accelerated hypertension,,,
Hypertensive emergencies,,,
Severe anemia,,,
Sickle cell Anemia,,,
Anaphylaxis,,,
Heat stroke,,,
Systematic lupus erythematosus,,,
Guillian Barre Syndrome,,,
Snake bite,,,
Poisoning,,,
Haemodialysis / Peritoneal Dialysis,,,
Plasmapheresis,,,
Blood transfusion,,,
"High end radiological diagnostic
(CT, MRI, Imaging including nuclear imaging)",,,
"High end histopathology (Biopsies) and advanced
serology investigations",,,
Mental Retardation,,,
"Mental disorders - Organic, including symptomatic",,,
"Schizophrenia, schizotypal and delusional disorders",,,
"Neurotic, stress-related and somatoform disorders",,,
Mood (affective) disorders,,,
"Behavioural syndromes associated with
physiological disturbances and physical factors",,,
"Mental and Behavioural disorders due to
psychoactive substance use",,,
"Pre - Electro Convulsive Therapy (ECT) and Pre - Transcranial Magnetic Stimulation (TMS) Package (Cognitive Tests, Complete Haemogram, Liver Function Test, Renal Function Test, Serum Electrolytes, Electro Cardiogram (ECG), CT / MRI Brain, Electroencephalogram, Thyroid Function Test, VDRL, HIV Test, Vitamin B12 levels, Folate levels, Lipid Profile, Homocysteine levels)",,,
Electro Convulsive Therapy (ECT) - per session,,,
"Transcranial Magnetic Stimulation (TMS) - per
session",,,
"Basic neonatal care package: Babies that can be managed by side of mother in postnatal ward without requiring admission in SNCU/NICU:
• Any newborn needing feeding support
• Babies requiring closer monitoring or short-term care for conditions like:
o Birth asphyxia (need for positive pressure ventilation; no HIE)
o Moderate jaundice requiring phototherapy
o Large for dates (>97 percentile) Babies
o Small for gestational age (less than 3rd centile)",,,
"Special Neonatal Care Package: Babies that required admission to SNCU or NICU:
Babies admitted for short term care for conditions like:
• Mild Respiratory Distress/tachypnea
• Mild encephalopathy
• Severe jaundice requiring intensive phototherapy
• Haemorrhagic disease of newborn
• Unwell baby requiring monitoring
• Some dehydration
• Hypoglycaemia
Mother's stay and food in the hospital for breastfeeding, family centred care and (Kangaroo Mother Care) KMC is mandatory and included in the package rate",,,
"Intensive Neonatal Care Package Babies with birthweight 1500-1799 g
or
Babies of any birthweight and at least one of the following conditions:
• Need for mechanical ventilation for less than 24 hours or non-invasive respiratory support (CPAP, HFFNC)
• Sepsis / pneumonia without complications
• Hyperbilirubinemia requiring exchange transfusion
• Seizures
• Major congenital malformations (pre-surgical stabilization, not requiring ventilation)
• Cholestasis significant enough requiring work up and in-hospital management
• Congestive heart failure or shock Mother's stay and food in the hospital for
breastfeeding, family centred care and (Kangaroo Mother Care) KMC is mandatory and included in
the package rate",,,
"Advanced Neonatal Care Package:
Babies with birthweight of 1200-1499 g or
Babies of any birthweight with at least one of the following conditions:
• Any condition requiring invasive ventilation longer than 24 hours
• Hypoxic Ischemic encephalopathy requiring Therapeutic Hypothermia
• Cardiac rhythm disorders needing intervention (the cost of cardiac surgery or implant will be covered under cardiac surgery packages)
• Sepsis with complications such as meningitis or bone and joint infection, DIC or shock
• Renal failure requiring dialysis
• Inborn errors of metabolism
Mother's stay and food in the hospital for breastfeeding, family centred care and (Kangaroo Mother Care) KMC is mandatory and included in the package rate",,,
"Critical Care Neonatal Package:
Babies with birthweight of <1200 g or
Babies of any birthweight with at least one of the following conditions:
• Severe Respiratory Failure requiring High Frequency Ventilation or inhaled Nitric Oxide (iNO)
• Multisystem failure requiring multiple organ support including mechanical ventilation and multiple inotropes
• Critical congenital heart disease Mother's stay and food in the hospital for
breastfeeding, family centred care and (Kangaroo Mother Care) KMC is mandatory and included in
the package rate",,,
"Chronic Care Package: If the baby requires stay beyond the upper limit of usual stay in Package no MN004A or MN005A for conditions like severe BPD requiring respiratory support, severe NEC requiring prolonged TPN support",,,
High Risk Newborn Post Discharge Care Package (Protocol Driven),,,
"Laser Therapy for Retinopathy of Prematurity
(Irrespective of no. of eyes affected) - per session",,,
Advanced Surgery for Retinopathy of Prematurity,,,
Ventriculoperitoneal Shunt Surgery (VP) or Omaya Reservoir or External Drainage for Hydrocephalus,,,
CT for CA Breast,,,
"CT for Metastatic bone malignancy and multiple
myeloma",,,
CT for CA Ovary,,,
CT for Germ Cell Tumor,,,
CT for Gestational Trophoblastic Neoplasia,,,
CT for Cervical Cancer,,,
CT for Endometrial Cancer,,,
CT for Vulvar Cancer,,,
CT for Ewing Sarcoma,,,
CT for Osteogenic Sarcoma,,,
CT for Soft Tissue Sarcoma,,,
CT for Metastatic Melanoma,,,
CT for Anal Cancer,,,
CT for Colorectal Cancer,,,
CT for Esophageal Cancer,,,
CT for Esophageal / Stomach Cancer,,,
CT for Hepatocellular Carcinoma,,,
CT for Panceratic Cancer,,,
CT for Gall Bladder Cancer / Cholangiocarcinoma,,,
CT for Gastointestinal stromal tumor,,,
CT for CA Brain,,,
CT for Mesothelioma,,,
CT for Thymic Carcinoma,,,
CT for CA Head & Neck,,,
CT for Renal Cell Cancer,,,
CT for Ureter / Bladder / Urethra,,,
CT for CA Penis,,,
CT for CA Prostate,,,
"CT for B - Cell NHL - High Grade
(Except Burkitt's & PCNSL)",,,
CT for High - Grade NHL - B Cell,,,
"CT for Relapsed B - Cell NHL - High Grade
(Except Burkitt's & PCNSL)",,,
"CT for PMBCL / Burkitt's Lymphoma / Seropositive
B - Cell NHLR",,,
CT for Burkitt's NHL,,,
CT for Low Grade B - Cell NHL,,,
CT for Low Grade NHL,,,
CT for Chronic Lymphocytic Leukemia,,,
CT for Peripheral T - Cell Lymphoma,,,
CT for NK - T Cell Lymphoma,,,
CT for Hodgkin's Lymphoma,,,
CT for Relapsed Hodgkin Lymphoma,,,
CT for Relapsed NHL & HL,,,
CT for MM / Amyloidosis / POEMS,,,
CT for MM / Amyloidosis,,,
CT for Chronic Myeloid Leukemia,,,
CT for Myeloproliferative Neoplasm,,,
CT for Acute Myeloid Leukemia,,,
CT for Acute Lymphoblastic Leukemia,,,
CT for Lymphoblastic Lymphoma,,,
"CT for Acute Promyelocytic Leukemia
(High Risk)",,,
"CT for Acute Promyelocytic Leukemia
(Low Risk)",,,
Febrile Neutopenia,,,
"Chemotherapy Complications - Tumor Lysis
Syndrome",,,
Granulocyte Colony Stimulating Factor Use,,,
CT for Langerhans Cell Histiocytosis,,,
CT for Low Grade Glioma,,,
CT for Medulloblastoma  / Brain PNET,,,
CT for Medulloblastoma / CNS PNET,,,
CT for Neuroblastoma,,,
CT for Retinoblastoma,,,
CT for Rhabdomyosarcoma,,,
CT for Relapse Rhabdomyosarcoma,,,
CT for Wilms Tumor,,,
CT for Pediatric Acute Lymphoblastic Leukemia,,,
CT for Pediatric Lymphoblastic Lymphoma,,,
CT for Pediatric Acute Myeloid Leukemia,,,
CT for Pediatric Acute Promyelocytic Leukemia,,,
CT for Pediatric Hodgkins Lymphoma,,,
CT for Pediatric Hodgkins Lymphoma Relapse,,,
CT for Pediatric Non Hodgkins Lymphoma,,,
PEDIATRIC-GCT/JEB,,,
CT for Pediatric Hepatoblastoma,,,
CT for CA Lung,,,
Febrile seizures / other seizures,,,
Epileptic encephalopathy,,,
Acute encephalitis,,,
Acute encephalitis syndrome,,,
"Acute meningo encephalitis / aseptic meningitis / febrile encephalopathy / hypertensive encehalopathy
/ metabolic encephalopathy / hepatic
encephalopathy / brain abcess",,,
Meningitis,,,
Optic neuritis,,,
Medical Management for Raised intracranial pressure,,,
Intracranial hemorrhage,,,
Intracranial space occupying lesion,,,
Intracranial ring enhancing lesion with complication (tuberculoma),,,
Cerebral herniation,,,
Acute neuroregression / Acute worsening in neuro metabolic and neurodegenerative conditions,,,
Acute demyelinating myelopathy,,,
Juvenile myasthenia,,,
Acute ataxia,,,
Acute ischemic stroke,,,
Wheezing,,,
Chronic cough,,,
Acute urticaria / Anaphylaxis acute asthma,,,
Acute abdomen,,,
Celiac disease,,,
Unexplained hepatosplenomegaly,,,
Infantile cholestasis,,,
Acute glomerulonephritis,,,
Nephrotic syndrome with peritonitis,,,
Haemolytic uremic syndrome,,,
CRRT,,,
"Global developmental delay / Intellectual disability
of unknown etiology",,,
Rickets - requiring admission for Work Up,,,
Acute severe malnutrition,,,
Developmental and behavioral disorders,,,
Short stature,,,
Dysmorphic children,,,
Floppy infant,,,
Inborn errors of metabolism,,,
Wilson’s disease,,,
Rheumatoid arthritis,,,
Rheumatic fever,,,
Cyanotic spells,,,
Immune haemolytic anemia,,,
Idiopathic Thrombocytopenic Purpura,,,
Kawasaki Disease,,,
Steven Johnson  syndrome,,,
Trauma,,,
Ketogenic diet initiation in refractory epilepsy,,,
"2D External Beam Radiotherapy (6 Fractions)
(Inclusive of Simulation & Planning Cost)",,,
"2D External Beam Radiotherapy - Palliative (Upto 10 Fractions)
(Inclusive of Simulation & Planning Cost)",,,
"2D External Beam Radiotherapy (25 Fractions)
(Inclusive of Simulation & Planning Cost)",,,
"Linear Accelerator, External Beam Radiotherapy 3D CRT (6 Fractions)
(Inclusive of Simulation & Planning Cost)",,,
"Linear Accelerator, External Beam Radiotherapy 3D CRT (25 Fractions)
(Inclusive of Simulation & Planning Cost)",,,
"Linear Accelerator, External Beam Radiotherapy IMRT (Intensity Modulated Radiotherapy)
(20 Fractions)
(Inclusive of Simulation & Planning Cost)",,,
"Linear Accelerator, External Beam Radiotherapy IMRT (Intensity Modulated Radiotherapy)
(6 Fractions)
(Inclusive of Simulation & Planning Cost)",,,
"Linear Accelerator External Beam Radiotherapy IGRT (Image Guided radiotherapy) with 3D CRT or IMRT
(20 Fractions)
(Inclusive of Simulation & Planning Cost)",,,
"Linear Accelerator External Beam Radiotherapy IGRT (Image Guided radiotherapy) with 3D CRT or IMRT
(6 Fractions)
(Inclusive of Simulation & Planning Cost)",,,
"SRT / SBRT with IGRT (Stereotacatic radiotherapy) (4 Fractions)
(Inclusive of Simulation & Planning Cost)",,,
"SRS with IGRT (Stereotacatic radiotherapy)
(Inclusive of Simulation & Planning Cost)",,,
"Respiratory Gating along with Linear Accelerator planning (5 Fractions)
(Inclusive of Simulation & Planning Cost)",,,
Brachytherapy High Dose  Radiation,,,
"Brachytherapy High Dose Radiation (5 doses) (Inclusive of Simulation, Planning Cost, OT &
other charges )",,,
"Fracture - Conservative Management -
Without plaster",,,
Application of Traction,,,
Application of P.O.P. casts,,,
Application of P.O.P. Spikas & Jackets,,,
External fixation of Fracture,,,
Percutaneous - Fixation of Fracture,,,
Elastic nailing for fracture fixation,,,
Internal Fixation of Small Bones,,,
Fracture - Long Bones - Metaphyseal - ORIF,,,
Fixation of Diaphyseal Fracture - Long Bone,,,
"Surgery for Comminuted Fracture - Olecranon of
Ulna",,,
Fracture Head radius,,,
"Fracture - Single Bone - Forearm - ORIF - Plating /
Nailing",,,
"Fracture - Both Bones - Forearm - ORIF - Plating /
Nailing",,,
Fracture Condyle - Humerus - ORIF,,,
"Fracture intercondylar Humerus + olecranon
osteotomy",,,
Displaced Clavicle Fracture,,,
Fracture - Acetabulum,,,
Fracture - Neck Femur,,,
Ankle Fractures,,,
Cervical spine fixation including odontoid,,,
Dorsal and lumber spine fixation,,,
Bone grafting for Non union,,,
Arthorotomy of any joint,,,
Arthrolysis of joint,,,
Arthrodesis,,,
Disarticulation,,,
Closed reduction of joint dislocation,,,
Open Reduction of Small Joint,,,
Tension Band Wiring,,,
Hemiarthroplasty,,,
AC Joint reconstruction / Stabilization,,,
Excision Arthoplasty of Femur head,,,
Open Reduction of CDH,,,
Patellectomy,,,
Arthroscopic Meniscus Repair / Meniscectomy,,,
Elbow replacement,,,
Total Hip Replacement,,,
Total Knee Replacement,,,
"Bone Tumour  Excision (malignant) including GCT
+ Joint replacement
(depending upon type of joint and implant)",,,
Bone Tumour Excision + reconstruction,,,
"Bone Tumour (benign) curettage / Excision
and bone grafting",,,
Single Stage Amputation,,,
Two Stage Amputation,,,
Amputation - Fingers / Toes,,,
Tendon Grafting / Repair,,,
Tendon Release / Tenotomy,,,
Tenolysis,,,
"Reconstruction of Cruciate Ligament with implant
and brace",,,
Fasciotomy,,,
Duputryen’s Contracture release + rehabilitation,,,
"Debridement & Closure of injuries - contused
lacerated wounds",,,
Sequestectomy / Curettage,,,
Spine deformity correction,,,
Osteotomy,,,
Pelvic Osteotomy and fixation,,,
High Tibial Osteotomy,,,
Ilizarov Fixation,,,
Limb Lengthening / Bone Transport by Ilizarov,,,
Growth Modulation and fixation,,,
Corrective Surgery for foot deformities,,,
Correction of club foot per cast,,,
Corrective Surgery in Club Foot / JESS Fixator,,,
Excision of Osteochondroma / Exostosis,,,
Excision of Bursa,,,
Nerve Transposition / Release / Neurolysis,,,
Nerve Repair Surgery,,,
Nerve root block,,,
Exploration and Ulnar nerve Repair,,,
Implant Removal under LA,,,
Implant Removal under RA / GA,,,
Glossectomy,,,
Palatectomy,,,
Maxillectomy,,,
Composite resection (Oral Cavity),,,
Oesophageal / Tracheal stenting,,,
Transthoracic esophagectomy: 2F / 3F,,,
Gastric pull-up / Jejunal Graft,,,
Radical Small Bowel Resection,,,
Intersphincteric resection,,,
Surgery for Abdominal wall tumour,,,
"Exploratory laparotomy f / b diversion stoma /
bypass",,,
Abdominoperineal resection,,,
Omentectomy,,,
Procedures Requiring Bypass Techniques,,,
Segmentectomy - hepatobiliary system,,,
Radical / Revision Cholecystectomy,,,
Enucleation of pancreatic neoplasm,,,
Hepatoblastoma Excision,,,
Hemipelvectomy - Internal,,,
Pelvic Exenteration,,,
Wilms tumors: surgery,,,
Ureteric end to end anastomosis,,,
Distal ureterectomy with reimplantation,,,
Radical cystectomy,,,
Channel TURP,,,
Radical Urethrectomy,,,
"Penile preserving surgery
(WLE, Glansectomy, Laser)",,,
Excision of undescended testicular mass,,,
Germ Cell Tumour Excision,,,
Bilateral salpingoophorectomy,,,
Leiomyoma excision,,,
Radical Hysterectomy,,,
Radical vaginectomy,,,
Vulvectomy + reconstruction procedures,,,
Radical Trachelectomy,,,
Sacral Tumour Excision,,,
Resection of nasopharyngeal tumour,,,
Total Pharyngectomy,,,
Parapharyngeal Tumour Excision,,,
Laryngectomy,,,
Tracheal resection,,,
Tracheal / Carinal resection,,,
"Tracheal Stenosis (End to end Anastamosis)
(Throat)",,,
Central airway tumour debulking,,,
Diagnostic thoracoscopy,,,
Sleeve resection of lung cancer,,,
Mediastinoscopy,,,
Removal of Chest Wall Tumour,,,
Pleurectomy Decortication,,,
Chamberlain procedure,,,
Extrapleural pneumonectomy,,,
Pneumonectomy,,,
Lung metastectomy,,,
Thoracostomy,,,
Mediastinal lymphadenectomy,,,
Mediastinal mass excision with lung resection,,,
Segmental resection of lung,,,
Wedge resection lung,,,
Breast conserving surgery,,,
Axillary Sampling / Sentinel Node Biopsy,,,
Axillary dissection,,,
Scalp tumour excision with skull bone excision,,,
Neuroblastoma Excision,,,
"Excision of Pinna for Growths / Injuries - Total Amputation & Excision of External Auditory
Meatus",,,
Neck dissection - comprehensive,,,
Benign Soft Tissue Tumour - Excision,,,
Malignant Soft Tissue Tumour - Excision,,,
Regional flap,,,
Rotationplasty,,,
Bone tumors / soft tissue sarcomas: surgery,,,
Endoprosthesis Revision,,,
Vertebral Tumour Excision and Reconstruction,,,
Microvascular reconstruction (free flaps),,,
Vascular reconstruction,,,
Curopsy / Sclerotherapy,,,
Chemo Port Insertion,,,
Ptosis Surgery,,,
Entropion correction,,,
Ectropion correction,,,
Lid Tear Repair,,,
Lid Abscess Drainage,,,
Lid Tumor excision + Lid Reconstruction,,,
Chalazion Removal,,,
Squint correction,,,
"Conjunctival tumour excision including Amniotic
Membrane Graft",,,
Dacryocystorhinostomy,,,
Corneal Ulcer Management,,,
Corneal Grafting,,,
Corneal Collagen Crosslinking,,,
Pterygium + Conjunctival Autograft,,,
Corneo / Scleral / Corneo scleral tear repair,,,
Corneal / Scleral Patch Graft,,,
Scleral buckling surgery,,,
Scleral Buckle Removal,,,
Limbal Dermoid Removal,,,
Cataract surgery,,,
Surgery for Pediatric Cataract,,,
Capsulotomy (YAG),,,
SFIOL (inclusive of Vitrectomy),,,
Secondary IOL / IOL Exchange / Explant,,,
IRIS Prolapse – Repair,,,
Iridectomy,,,
Glaucoma Surgery,,,
EUA for Confirmation of Pediatric Glaucoma,,,
Retinal Laser Photocoagulation,,,
ROP Laser - Per Eye,,,
Retinal Cryopexy,,,
Vitreoretinal Surgery (with Silicon Oil Insertion),,,
SOR (Silicon Oil Removal),,,
Endophthalmitis (excluding Vitrectomy),,,
Enucleation,,,
Evisceration,,,
Exenteration,,,
"Socket Reconstruction including Amniotic
Membrane Graft",,,
Orbitotomy,,,
GA / EUA separate add on package,,,
Oesophagectomy,,,
"Operations for Replacement of Oesophagus by
Colon",,,
Gastrectomy,,,
Operative Gastrostomy,,,
Vagotomy,,,
Operation for Bleeding Peptic Ulcer,,,
Operation for Gastric / Duodenal Perforation,,,
Pyloroplasty,,,
Pyloromyotomy,,,
Gastrojejunostomy,,,
CystoJejunostomy / Cystogastrostomy,,,
Feeding Jejunostomy,,,
Ileostomy,,,
Congenital Atresia & Stenosis of Small Intestine,,,
Operation for Duplication of Intestine,,,
Diverticulectomy,,,
Appendicectomy,,,
Appendicular Perforation,,,
Operative drainage of Appendicular Abscess,,,
Total Colectomy,,,
Hemi colectomy,,,
Operative Management of Volvulus of Large Bowel,,,
Colostomy,,,
Closure of stoma,,,
Sigmoid Resection,,,
Perineal Procedure for Rectal Prolapse,,,
Abdominal Procedure for Rectal Prolapse,,,
Rectal Polyp Excision,,,
Anterior Resection of rectum,,,
Resection Anastomosis,,,
Procedure for Fissure in Ano,,,
Haemorroidectomy,,,
Management of Pilonidal Sinus,,,
Exicision of Sinus and Curettage,,,
Exploratory Laparotomy,,,
Closure of Burst Abdomen,,,
Hepatic Resection,,,
Abdominal Hydatid Cyst (Single Organ),,,
Cholecystectomy,,,
Operative Cholecystostomy,,,
Operation of Choledochal Cyst,,,
Splenectomy,,,
Bypass - Inoperable Pancreas,,,
Distal Pancreatectomy with Pancreatico Jejunostomy,,,
PancreaticoDuodenectomy (Whipple's),,,
Porto Caval Anastomosis,,,
Mesenteric Caval Anastomosis,,,
Mesenteric Cyst – Excision,,,
Retroperitoneal Tumor – Excision,,,
Groin Hernia Repair,,,
Hernia - Ventral,,,
Repair of Incisional Hernia,,,
Hiatus Hernia Repair / Fundoplication,,,
Excision of cyst / Sebaceous Cysts over scrotum,,,
Excision Filarial Scrotum,,,
Operation for Hydrocele (U/L),,,
Epididymal Cyst / Nodule Excision,,,
Vasovasostomy,,,
Orchidectomy,,,
Inguinal Node (dissection) - U/L,,,
Estlander Operation (lip),,,
Operation for Carcinoma Lip,,,
Complete Excision of Growth from Tongue only (inclusive of Histopathology),,,
"Excision of Growth from Tongue with neck node
dissection",,,
Microlaryngoscopic Surgery,,,
Submandibular Mass Excision,,,
Radical Neck Dissection,,,
Surgical removal of Branchial Cyst,,,
Carotid Body tumour - Excision,,,
Thyroidectomy,,,
Excision of Parathyroid Adenoma / Carcinoma,,,
Thymectomy,,,
Sympathectomy,,,
Breast Lump Excision (Benign),,,
Mastectomy,,,
Excision Mammary Fistula,,,
Intercostal drainage Only,,,
Rib Resection & Drainage,,,
Thoracoplasty,,,
Decortication (Pleurectomy),,,
Lobectomy,,,
Thoracoscopic Segmental Resection,,,
Lung Hydatid Cyst removal,,,
Incision & Drainage of Abscess,,,
Lipoma / Cyst / other cutaneous swellings Excision,,,
Debridement of Ulcer,,,
Flap Reconstructive Surgery,,,
Free Grafts - Wolfe Grafts,,,
Tissue Reconstruction Flap,,,
Split thickness skin grafts,,,
Skin Flaps - Rotation Flaps,,,
Tendon Transfer,,,
"Lymphatics Excision of Subcutaneous Tissues In
Lymphoedema",,,
AV Fistula without prosthesis,,,
Management of Varicose Veins,,,
Biopsy,,,
Stoma Management,,,
Foreign Body Removal,,,
Pinna surgery for tumour / trauma,,,
Tympanoplasty,,,
Stapedectomy / tympanotomy,,,
Mastoidectomy,,,
Myringotomy with or without Grommet,,,
Endoscopic DCR,,,
Epistaxis treatment - packing,,,
Functional septo rhinoplasty,,,
Septoplasty,,,
Fracture - setting nasal bone,,,
Inferior turbinate reduction under GA,,,
Open sinus surgery,,,
Functional Endoscopic Sinus (FESS),,,
Ant. Ethmoidal / sphenopalatine artery ligation,,,
Adenoidectomy,,,
Tonsillectomy,,,
"Peritonsillar abscess drainage / intraoral calculus
removal",,,
"Thyroglossal / Branchial cyst / sinus / fistula
excision",,,
Uvulopalatopharyngoplasty (UPPP),,,
"Excision of tumour of oral cavity / paranasal sinus /
laryngopharynx with or without reconstruction",,,
Parotidectomy,,,
Removal of Submandibular Salivary gland,,,
"Rigid laryngoscopy / bronchoscopy /
oesophagoscopy - Diagnostic + / - biopsy",,,
Microlaryngeal surgery with or without laser,,,
Open laryngeal framework surgery / Thyroplasty,,,
Tracheostomy / Tracheotomy,,,
Neck dissection,,,
"Deep neck abscess drainage/ Post trauma neck
exploration",,,
Anterior skull base surgery,,,
Advanced anterior skull base surgery,,,
Lateral skull base procedures,,,
Advanced lateral skull base surgery,,,
"Closed reduction / intermaxillary fixation for
fracture of maxilla / mandible / zygoma",,,
"Open reduction and internal fixation of maxilla /
mandible / zygoma",,,
Clinic based therapeutic interventions of ENT,,,
Extraction of impacted tooth under LA,,,
Sequestrectomy,,,
TM joint ankylosis of both jaws - under GA,,,
Fixation of fracture of jaw,,,
Surgery for Cyst & tumour of Maxilla / Mandible,,,
"Mandible Tumour Resection and reconstruction /
Cancer surgery",,,
"Release of fibrous bands & grafting - in (OSMF)
treatment under GA",,,
Depressed Fracture,,,
CranioPlasty,,,
Twist Drill Craniostomy,,,
Craniostenosis,,,
Meningocele,,,
Surgery for tumour meninges,,,
Duroplasty,,,
Burr hole surgery,,,
Surgery for Haematoma - Intracranial,,,
Excision of Brain Abscess,,,
Abscess Tapping,,,
Epilepsy Surgery,,,
Brain Biopsy,,,
Excision of Orbital Tumour,,,
Excision of Brain Tumor Supratentorial,,,
Stereotactic Lesioning,,,
Trans Sphenoidal  Surgery,,,
Trans oral Surgery,,,
"Transoral surgery (Anterior) and CV Junction
(Posterior Sterilisation)",,,
"External Ventricular Drainage (EVD)
including antibiotics",,,
Ventricular Puncture,,,
Shunt Surgery,,,
Aneurysm Clipping including angiogram,,,
Superficial Temporal Artery (STA): middle cerebral artery (MCA) or (other EC - IC) Bypass procedure,,,
Arterio venous malformation (AVM) excision,,,
Foramen Magnum Decompression,,,
Skull Traction,,,
Posterior Cervical Discetomy without implant,,,
"Posterior Cervical Fusion with implant
(Lateral mass fixation)",,,
Cervical Disc Multiple level without Fusion,,,
Excision of Cervical Ribs,,,
Thoracic / Lumbar Corpectomy with fusion,,,
Lumbar Discectomy,,,
Laminectomy,,,
Neurectomy,,,
Micro discectomy,,,
Surgery for Spinal Canal Stenosis,,,
Spine - Decompression & Fusion,,,
Spine - Extradural Haematoma,,,
Spine - Intradural  Haematoma,,,
Spine - Extradural Tumour,,,
Spine - Intradural Tumour,,,
Spine - Intramedullar Tumour,,,
R. F. Lesioning for Trigeminal Neuralgia,,,
Brachial Plexus – Repair,,,
Carpal Tunnel Release,,,
Nerve Decompression,,,
Cranial Nerve Anastomosis,,,
Peripheral Nerve Surgery,,,
Nerve Biopsy excluding Hensens,,,
Muscle Biopsy with report,,,
Anterior Encephalocele,,,
Spina Bifida Surgery,,,
"Gamma Knife radiosurgery (GKRS) / SRS for
tumours / Arteriovenous malformation (AVM)",,,
Lap. Salpingo-oophrectomy,,,
Laparotomy and proceed for Ovarian Cancers. Omentomy with Bilateral Salpingo-oophorectomy,,,
"Laparoscopic tubal surgeries
(for any indication including ectopic pregnancy)",,,
"Procedure on Fallopian Tube for establishing Tubal
Patency",,,
Laparotomy for broad ligament haematoma,,,
Abdominal Myomectomy,,,
Hysteroscopic myomectomies,,,
Polypectomy,,,
Hysteroscopic polypectomy,,,
Hysterectomy,,,
Caesarean hysterectomy,,,
Manchester Repair,,,
Surgeries for Prolapse - Sling Surgeries,,,
Hysterotomy,,,
"Lap. Surgery for Endometriosis
(Other than Hysterectomy)",,,
Diagnostic hysteroscopy,,,
Hysteroscopic IUCD removal,,,
D&C (Dilatation&curretage),,,
Dilation and Evacuation (D&E),,,
Pyometra drainage,,,
Intrauterine transfusions,,,
Hysteroscopic adhesiolysis,,,
Laparoscopic adhesiolysis,,,
Trans - vaginal tape / Trans-obturator tape,,,
Sacrocolpopexy (Abdominal),,,
LLETZ (including PAP smear and colposcopy),,,
Vaginal Sacrospinus fixation with repair,,,
Excision of Vaginal Septum (vaginal route),,,
Hymenectomy for imperforate hymen,,,
Anterior & Posterior Colpoperineorrhapy,,,
Vaginoplasty (McIndoe procedure),,,
Vaginal repair for vesico-vaginal fistula,,,
Rectovaginal fistula repair,,,
Vulval Hamatoma drainage,,,
Vulvectomy simple,,,
"Radical Vulvectomy with Inguinal and Pelvic
lymph node disection",,,
Abdomino Perineal repair for Mullerian Anomaly,,,
Pelvic Abscess Management including Colpotomy,,,
Diagnostic / Staging laparoscopy,,,
Laparotomy for benign disorders,,,
Laparoscopic cystectomy,,,
Cystocele - Anterior repair,,,
Burch,,,
Electro Cauterisation / Cryo Surgery,,,
"EUA for (minor girls / unmarried sexually inactive /
victims of sexual abuse)",,,
Hospitalisation for Antenatal Complications,,,
Amniocentesis,,,
Chorionic villus sampling,,,
Cordocentesis,,,
McDonald's stitch,,,
Shirodkar's stitch,,,
Medical management of ectopic pregnancy,,,
Medical Termination of Pregnancy,,,
High risk delivery,,,
Manual removal of placenta,,,
Secondary suturing of episiotomy,,,
Caesarean Delivery,,,
Re exploration after laparotomy / Caesarean Section,,,
Vulvo vaginal cyst enucleation / drainage,,,
Pressure Sore – Surgery,,,
Diabetic Foot – Surgery,,,
Revascularization of limb / digit,,,
"Ear Pinna Reconstruction with costal cartilage / Prosthesis
(including the cost of prosthesis / implants)",,,
Scalp avulsion reconstruction,,,
"Tissue Expander for disfigurement following burns
/  trauma / congenital deformity (including cost of expander / implant)",,,
Hemangioma,,,
NPWT,,,
Cleft Lip and Palate Surgery (per stage),,,
Ankyloglossia,,,
Anti GERD Surgery,,,
Gastrostomy + Esophagoscopy + Threading,,,
Ladds Procedure,,,
Duplication Cyst Excision,,,
Intussusception,,,
Surgery for Hirschsprung’s Disease,,,
Rectal Polypectomy - Sigmoiescopic Under GA,,,
Ano Rectal Malformation,,,
Fecal Fistula Closure,,,
GI Tumor Excision,,,
Congenital Diaphragmatic Hernia,,,
Exomphalos / Gastroschisis,,,
Hernia & Hydrocele,,,
Retro - Peritoneal Lymphangioma Excision,,,
Surgery for Sacrococcygeal Teratoma,,,
Surgery for Congenital Lobar Emphysema,,,
Undescended Testis,,,
Conservative Management of Head Injury,,,
Head injury with repair of Facio-Maxillary Injury & fixations (including implants),,,
Craniotomy and evacuation of Haematoma with fixation of fracture of long bone,,,
Management of Chest injury with fracture of Long bone,,,
Management of Visceral injury and fracture long bone,,,
Internal fixation of Pelviacetabular fracture,,,
Internal fixation with Flap cover Surgery for wound in compound fracture,,,
Emergency tendons repair ± Peripheral Nerve repair/ reconstructive surgery,,,
Management of Nerve Plexus / Tendon injuries,,,
Plexus injury along with Vascular injury repair / graft,,,
Adrenalectomy,,,
Renal Cyst deroofing or Marsupialization,,,
Nephrectomy,,,
Nephrectomy - Partial or Hemi,,,
Nephrolithotomy,,,
Open Nephrolithotomy - Follow Up,,,
PCNL (Percutaneous Nephrolithotomy),,,
Nephrostomy - Percutaneous ultrasound guided,,,
Nephrostomy (PCN) - Follow Up,,,
Nephro ureterectomy (Benign),,,
Nephro ureterectomy with cuff of bladder,,,
Perinephric Abscess drainage,,,
Ureteroscopy + Stone removal with lithotripsy,,,
URSL / URSL - Laser - Follow Up,,,
Extracoporeal shock - wave Lithotripsy (ESWL),,,
ESWL - Follow Up,,,
Ureterolithotomy,,,
Lap Ureterolithotomy - Follow Up,,,
Open Ureterolithotomy - Follow Up,,,
Pyeloplasty / Pyeloureterostomy / Pyelopyelostomy,,,
Pyeloplasty,,,
Ureterocalycostomy,,,
Pyelolithotomy,,,
"Internal Ureterotomy including cystoscopy as an
independent procedure",,,
"Ureterolysis for retroperitoneal fibrosis
(with or without omental wrapping)",,,
Ureterostomy,,,
Uretero-ureterostomy,,,
Uretero-vaginal / Uterine fistula repair,,,
Ureteric reimplantation,,,
Boari flap for ureteric stricture,,,
Ileal replacement for ureteric stricture,,,
"DJ stenting including cystoscopy, ureteric
catheterization, retrograde pyelogram",,,
DJ Stent Removal,,,
"Ureterocele incision including cystoscopy, ureteric
catheterization, retrograde pyelogram",,,
"Ureteric sampling including cystoscopy, ureteric
catheterization, retrograde pyelogram",,,
"Acute management of upper urinary tract trauma –
conservative",,,
Endopyelotomy,,,
Open Pyelolithotomy - Follow Up,,,
"Cystolithotomy - Open, including cystoscopy",,,
"Cystolithotripsy / Urethral Stone endoscopic,
including cystoscopy",,,
Diagnostic Cystoscopy,,,
Partial Cystectomy,,,
Partial Cystectomy - Follow Up,,,
Augmentation cystoplasty,,,
Deflux for VUR,,,
Bladder Diverticulectomy,,,
"Open bladder diverticulectomy with / without
ureteric re-implantation",,,
"Bladder injury repair
(with or without urethral injury)",,,
"Bladder injury repair with colostomy
(with or without urethral injury)",,,
"Extrophy Bladder repair including osteotomy if
needed + epispadias repair + ureteric reimplant",,,
"Neurogenic bladder - Package for evaluation / investigation (catheter + ultrasound + culture +
RGU/ MCU) for 1 month (medicines - antibiotics)",,,
"Y V Plasty of Bladder Neck / Bladder Neck
Reconstruction",,,
Bladder Neck incision - Endoscopic,,,
"TURBT
(Transurethral Resection of the Bladder Tumor)",,,
TURBT - Restage,,,
"Post TURBT - Check Cystoscopy (Per sitting) with
cold-cup biopsy",,,
Urachal Cyst excision,,,
VVF Repair - Follow Up,,,
Intravesical BCG / Mitomycin,,,
Suprapubic Drainage - Closed / Trocar,,,
Stress incontinence surgery,,,
Repair of stress incontinence - Follow Up,,,
Emergency management of Acute retention of Urine,,,
Meatotomy / Meatoplasty,,,
Urethroplasty,,,
Urethroplasty Follow Up,,,
Urethral Dilatation,,,
Perineal Urethrostomy without closure,,,
Post. Urethral Valve fulguration,,,
Hypospadias repair,,,
Hypospadias Repair - Follow Up,,,
Emergency management of Hematuria,,,
Excision of Urethral Caruncle,,,
Urethrovaginal fistula repair,,,
Urethrorectal fistula repair,,,
Open simple prostatetctomy for BPH,,,
Radical prostatectomy,,,
Holmium Laser Prostatectomy,,,
"TURP-Transurethral Resection of the Prostate, BPH",,,
"Transrectal Ultrasound guided prostate biopsy
(minimum 12 core)",,,
Penectomy,,,
Surgery for Priapism,,,
Surgery for Priaprism - Follow Up,,,
Penile prosthesis insertion,,,
Orchiectomy,,,
Bilateral Orchidectomy for hormone ablation,,,
Orchiopexy,,,
Surgical Correction of Varicocele,,,
Radical Retroperitoneal lymph node dissection,,,
Ilio-Inguinal lymphadenectomy,,,
"Hysterectomy as part of VVF / uterovaginal fistula
repair",,,
PCNL - Follow Up,,,
"Emergency management of Ureteric stone - Package for evaluation / investigation (ultrasound +
culture) for 3 weeks (medicines).",,,
"Surgical Correction of Category - I Congenital
Heart Disease",,,
"Surgical Correction of Category - II Congenital
Heart Disease",,,
"Surgical Correction of Category - III Congenital
Heart Disease",,,
"Coronary artery bypass grafting (CABG),
including intra operative balloon pump (if required)",,,
Single Valve Procedure,,,
Double Valve Procedure,,,
Triple valve procedure,,,
Closed Mitral Valvotomy including thoracotomy,,,
Ross Procedure,,,
"Surgery for Hypertrophic Obstructive
Cardiomyopathy (HOCM)",,,
Pericardial window (via thoracotomy),,,
Pericardiectomy,,,
"Patent Ductus Arteriosus (PDA) Closure via
thoracotomy",,,
Aortic Root Replacement Surgery,,,
"Aortic Arch Replacement / Thoracoabdominal
aneurysm Repair using bypass",,,
Aortic Aneurysm Repair,,,
Aorto Iliac / Aorto femoral bypass (Uni and Bi),,,
Pulmonary Embolectomy / Thromboendarterectomy,,,
Peripheral Arterial Surgeries,,,
Thromboembolectomy,,,
Peripheral arterial injury repair (without bypass),,,
"Thoracotomy, Thoraco Abdominal Approach",,,
Lung surgery including Thoracotomy,,,
Pulmonary Resection,,,
Foreign Body Removal with scope,,,
Surgical Correction of Bronchopleural Fistula,,,
Space - Occupying Lesion (SOL) mediastinum,,,
"Isolated Intercostal Drainage and Management of ICD, Intercostal Block, Antibiotics &
Physiotherapy",,,
Diaphragmatic Repair,,,
Surgery for Cardiac Tumour,,,
Immediate reoperation (within 5 days),,,
"Low Cardiac Output syndrome requiring IABP
insertion post - operatively",,,
Re-do sternotomy,,,
Excessive bleeding requiring re-exploration,,,
Unspecified Surgical Package,,,
